Company,Year,SIC Code,Female Directors (%),Female Directors (N),Board Size,Independent Directors (N),Board Independence (%),ROA (%),Firm Size (ln assets),Leverage (%)
Adobe Inc,2009,7372,10.0,1,10,7,70.0,10.04874,8.893193,32.842504
Adobe Inc,2010,7372,10.0,1,10,7,70.0,12.48399,9.004686,36.220457
Adobe Inc,2011,7372,0.0,0,9,6,66.66667,13.313839999999999,9.104,35.680177
Adobe Inc,2012,7372,16.66667,2,12,9,75.0,11.80281,9.207789,33.177937
Adobe Inc,2013,7372,15.384619999999998,2,13,10,76.92308,4.3276200000000005,9.247664,35.217332
Adobe Inc,2014,7372,15.384619999999998,2,13,10,76.92308,4.1032399999999996,9.285989,37.177707999999996
Adobe Inc,2015,7372,15.384619999999998,2,13,10,76.92308,7.62935,9.369604,40.292528
Adobe Inc,2016,7372,20.0,2,10,7,70.0,11.742189999999999,9.449917,41.569463
Adobe Inc,2017,7372,20.0,2,10,8,80.0,14.9158,9.584353,41.798793
Adobe Inc,2018,7372,18.181820000000002,2,11,9,81.81818,15.13356,9.839945,50.11842600000001
Akamai Technologies Inc,2009,7370,25.0,3,12,8,66.66667,10.72733,7.643727,16.708327
Akamai Technologies Inc,2010,7370,27.27273,3,11,6,54.54546,10.79035,7.763309,7.551396
Akamai Technologies Inc,2011,7370,36.363640000000004,4,11,7,63.63636,12.62481,7.760254,8.068681
Akamai Technologies Inc,2012,7370,40.0,4,10,6,60.0,12.330869999999999,7.863508,9.800444
Akamai Technologies Inc,2013,7370,27.27273,3,11,7,63.63636,14.121310000000001,7.992162,11.098342
Akamai Technologies Inc,2014,7370,25.0,3,12,8,66.66667,12.38309,8.294436,26.395073000000004
Akamai Technologies Inc,2015,7370,27.27273,3,11,7,63.63636,11.19106,8.339961,25.479132999999997
Akamai Technologies Inc,2016,7370,25.0,3,12,8,66.66667,10.78388,8.383238,26.268869
Akamai Technologies Inc,2017,7370,27.27273,3,11,7,63.63636,8.21396,8.43443,28.072231
Akamai Technologies Inc,2018,7370,25.0,3,12,9,75.0,8.344949999999999,8.605528,41.55997
Analog Devices,2009,3674,0.0,0,10,7,70.0,9.94253,8.132792,25.707092
Analog Devices,2010,3674,0.0,0,10,7,70.0,21.17331,8.373053,26.083578000000003
Analog Devices,2011,3674,0.0,0,10,7,70.0,20.36228,8.571234,28.084966
Analog Devices,2012,3674,10.0,1,10,7,70.0,14.82515,8.634149,25.887868000000005
Analog Devices,2013,3674,10.0,1,10,7,70.0,12.37053,8.761198,25.732346
Analog Devices,2014,3674,9.090910000000001,1,11,8,72.72727,12.00557,8.833418,30.639767000000003
Analog Devices,2015,3674,9.090910000000001,1,11,12,109.09089999999999,15.07172,8.862509,28.167217
Analog Devices,2016,3674,10.0,1,10,12,120.0,13.251769999999999,8.983475,35.188986
Analog Devices,2017,3674,11.11111,1,9,9,100.0,7.25619,9.958983,51.935109000000004
Analog Devices,2018,3674,20.0,2,10,10,100.0,9.626759999999999,9.925727,46.265727
Apple Inc,2009,3571,14.285709999999998,1,7,4,57.14286,24.71527,10.76851,33.390876000000006
Apple Inc,2010,3571,16.66667,1,6,3,50.0,24.45367,11.22768,36.433768
Apple Inc,2011,3571,12.5,1,8,4,50.0,29.036440000000002,11.66454,34.163151
Apple Inc,2012,3663,12.5,1,8,6,75.0,31.37552,11.668,32.859642
Apple Inc,2013,3663,12.5,1,8,6,75.0,23.67101,11.668,40.314493
Apple Inc,2014,3663,25.0,2,8,6,75.0,22.64632,11.668,51.886007
Apple Inc,2015,3663,28.57143,2,7,5,71.42857000000001,24.52157,11.668,58.910971
Apple Inc,2016,3663,25.0,2,8,6,75.0,18.48884,11.668,60.132241
Apple Inc,2017,3663,25.0,2,8,6,75.0,16.3445,11.668,64.284515
Apple Inc,2018,3663,25.0,2,8,6,75.0,19.32108,11.668,70.702851
Applied Materials Inc,2009,3559,0.0,0,11,9,81.81818,-2.48404,9.166832,25.899019000000003
Applied Materials Inc,2010,3559,9.090910000000001,1,11,9,81.81818,14.89154,9.300487,31.135196999999998
Applied Materials Inc,2011,3559,9.090910000000001,1,11,9,81.81818,17.02619,9.536835,36.512517
Applied Materials Inc,2012,3559,9.090910000000001,1,11,9,81.81818,9.66782,9.401126,40.216493
Applied Materials Inc,2013,3559,8.33333,1,12,9,75.0,6.933490000000001,9.396239,41.144233
Applied Materials Inc,2014,3559,8.33333,1,12,9,75.0,12.129950000000001,9.486,40.276302
Applied Materials Inc,2015,3559,11.11111,1,9,7,77.77777999999999,11.05304,9.636131,50.267834
Applied Materials Inc,2016,3559,27.27273,3,11,9,81.81818,14.79983,9.587955,50.527831
Applied Materials Inc,2017,3559,22.22222,2,9,7,77.77777999999999,19.934089999999998,9.874007,51.856429000000006
Applied Materials Inc,2018,3559,20.0,2,10,8,80.0,27.01288,9.785436,61.520284000000004
Broadcom Inc,2009,3674,8.33333,1,12,4,33.33333,7.2588799999999996,7.585789,47.208122
Broadcom Inc,2010,3674,11.11111,1,9,3,33.33333,21.78952,7.676474,30.227166999999998
Broadcom Inc,2011,3674,14.285709999999998,1,7,3,42.85714,24.039250000000003,7.802209,17.988553
Broadcom Inc,2012,3674,12.5,1,8,5,62.5,20.58001,7.959276,15.478686
Broadcom Inc,2013,3674,14.285709999999998,1,7,5,71.42857000000001,16.92533,8.135933,15.490483
Broadcom Inc,2014,3674,11.11111,1,9,7,77.77777999999999,8.426269999999999,9.258273,69.08779
Broadcom Inc,2015,3674,12.5,1,8,6,75.0,17.74924,9.267855,55.494713
Broadcom Inc,2016,3674,10.0,1,10,7,70.0,3.9386799999999997,10.8191,56.218228
Broadcom Inc,2017,3674,0.0,0,9,6,66.66667,5.12147,10.90445,57.392774
Broadcom Inc,2018,3674,11.11111,1,9,6,66.66667,11.24811,10.82226,46.817892
Cisco Systems Inc,2009,3576,16.66667,2,12,9,75.0,10.83989,11.12914,43.228922
Cisco Systems Inc,2010,3576,15.384619999999998,2,13,9,69.23076999999999,11.344759999999999,11.30381,45.414766
Cisco Systems Inc,2011,3576,16.66667,2,12,8,66.66667,9.88231,11.37475,45.738561
Cisco Systems Inc,2012,3576,16.66667,2,12,8,66.66667,11.316600000000001,11.42692,44.091588
Cisco Systems Inc,2013,3576,21.42857,3,14,11,78.57142999999999,11.41702,11.52477,41.567926
Cisco Systems Inc,2014,3576,25.0,3,12,9,75.0,9.68859,11.56299,46.105922
Cisco Systems Inc,2015,3576,27.27273,3,11,8,72.72727,10.09596,11.63939,47.385906
Cisco Systems Inc,2016,3576,27.27273,3,11,8,72.72727,10.443719999999999,11.668,47.732055
Cisco Systems Inc,2017,3576,33.33333,4,12,9,75.0,9.81297,11.668,49.05406
Cisco Systems Inc,2018,3576,27.27273,3,11,9,81.81818,11.75632,11.59712,60.284601
Ebay Inc,2009,7370,8.33333,1,12,9,75.0,9.985439999999999,9.820558,25.100998
Ebay Inc,2010,7370,9.090910000000001,1,11,8,72.72727,9.43024,9.998969,30.456533000000004
Ebay Inc,2011,7370,16.66667,2,12,9,75.0,8.89843,10.21538,34.371391
Ebay Inc,2012,7370,16.66667,2,12,9,75.0,7.8734399999999996,10.52067,43.720667
Ebay Inc,2013,7370,9.090910000000001,1,11,8,72.72727,8.11078,10.63316,43.002796
Ebay Inc,2014,7370,9.090910000000001,1,11,8,72.72727,7.8636,10.71735,55.893823
Ebay Inc,2015,7370,18.181820000000002,2,11,8,72.72727,12.70172,9.786111,63.025021
Ebay Inc,2016,7370,16.66667,2,12,9,75.0,9.74965,10.07941,55.805762
Ebay Inc,2017,7370,28.57143,4,14,11,78.57142999999999,8.71791,10.16512,68.965783
Ebay Inc,2018,7370,30.769229999999997,4,13,11,84.61539,10.11438,10.03535,72.47469199999999
Intel Corp,2009,3674,27.27273,3,11,9,81.81818,16.27084,10.87984,21.453998
Intel Corp,2010,3674,30.0,3,10,8,80.0,25.32048,11.05384,21.770645
Intel Corp,2011,3674,27.27273,3,11,8,72.72727,25.21408,11.17211,35.444818
Intel Corp,2012,3674,20.0,2,10,7,70.0,17.35368,11.34274,39.297697
Intel Corp,2013,3674,20.0,2,10,7,70.0,13.567860000000001,11.43343,36.92371
Intel Corp,2014,3674,18.181820000000002,2,11,8,72.72727,17.01031,11.42907,38.25634
Intel Corp,2015,3674,18.181820000000002,2,11,8,72.72727,13.92907,11.54311,39.861253000000005
Intel Corp,2016,3674,18.181820000000002,2,11,8,72.72727,13.45399,11.63803,40.783750000000005
Intel Corp,2017,3674,16.66667,2,12,9,75.0,15.000530000000001,11.668,43.297714
Intel Corp,2018,3674,22.22222,2,9,7,77.77777999999999,18.164630000000002,11.668,41.403374
Intuit Inc,2009,7372,18.181820000000002,2,11,6,54.54546,14.132069999999999,8.481841,47.012522000000004
Intuit Inc,2010,7372,20.0,2,10,6,60.0,16.602539999999998,8.556029,45.729127000000005
Intuit Inc,2011,7372,20.0,2,10,6,60.0,20.29354,8.538955,48.806262000000004
Intuit Inc,2012,7372,22.22222,2,9,5,55.55556000000001,25.555080000000004,8.451908,41.417592
Intuit Inc,2013,7372,22.22222,2,9,5,55.55556000000001,22.47539,8.609955,35.636165
Intuit Inc,2014,7372,22.22222,2,9,5,55.55556000000001,25.264370000000003,8.556606,40.819073
Intuit Inc,2015,7372,22.22222,2,9,6,66.66667,17.2504,8.510773,53.059581
Intuit Inc,2016,7372,33.33333,3,9,6,66.66667,29.223529999999997,8.354674,72.682353
Intuit Inc,2017,7372,40.0,4,10,7,70.0,34.29204,8.310906,66.71583100000001
Intuit Inc,2018,7372,30.0,3,10,7,70.0,30.475089999999998,8.552175,54.538432
Juniper Networks Inc,2009,3576,11.11111,1,9,5,55.55556000000001,6.751930000000001,8.934622,23.260037
Juniper Networks Inc,2010,3576,10.0,1,10,6,60.0,9.26718,9.044032,21.954224
Juniper Networks Inc,2011,3576,18.181820000000002,2,11,7,63.63636,6.573049999999999,9.208721,28.988523
Juniper Networks Inc,2012,3576,20.0,2,10,6,60.0,4.16798,9.193408,28.809715000000004
Juniper Networks Inc,2013,3576,18.181820000000002,2,11,6,54.54546,5.949059999999999,9.24242,29.283362
Juniper Networks Inc,2014,3576,18.181820000000002,2,11,6,54.54546,7.8482899999999995,9.036356,41.460889
Juniper Networks Inc,2015,3576,10.0,1,10,5,50.0,10.59843,9.061748,46.927789
Juniper Networks Inc,2016,3576,10.0,1,10,6,60.0,9.36985,9.175386,48.609745
Juniper Networks Inc,2017,3576,11.11111,1,9,6,66.66667,9.50904,9.193581,52.399885999999995
Juniper Networks Inc,2018,3576,11.11111,1,9,6,66.66667,6.39091,9.144553,48.488247
Kla-Tencor Corp,2009,3827,0.0,0,10,8,80.0,-1.55834,8.191335,39.482781
Kla-Tencor Corp,2010,3827,0.0,0,10,8,80.0,9.3291,8.270539,42.498623
Kla-Tencor Corp,2011,3827,9.090910000000001,1,11,9,81.81818,24.97373,8.450096,38.811247
Kla-Tencor Corp,2012,3827,9.090910000000001,1,11,9,81.81818,20.00844,8.537056,34.992259
Kla-Tencor Corp,2013,3827,10.0,1,10,8,80.0,13.940459999999998,8.573073,34.141916
Kla-Tencor Corp,2014,3827,10.0,1,10,8,80.0,14.04252,8.619509,33.750341
Kla-Tencor Corp,2015,3827,9.090910000000001,1,11,9,81.81818,14.52394,8.481775,91.267345
Kla-Tencor Corp,2016,3827,10.0,1,10,8,80.0,19.90127,8.509651,86.113382
Kla-Tencor Corp,2017,3827,10.0,1,10,8,80.0,23.32226,8.618336,76.023581
Kla-Tencor Corp,2018,3827,10.0,1,10,8,80.0,27.409,8.633972,71.16198
Lam Research Corp,2009,3559,20.0,2,10,7,70.0,-5.86217,7.576544,25.554045
Lam Research Corp,2010,3559,14.285709999999998,1,7,4,57.14286,18.09775,7.81899,28.91611
Lam Research Corp,2011,3559,27.27273,3,11,8,72.72727,20.00949,8.308296,39.127307
Lam Research Corp,2012,3559,20.0,3,15,11,73.33332999999999,3.9573400000000003,8.987778,33.512113
Lam Research Corp,2013,3559,18.181820000000002,2,11,8,72.72727,3.77002,8.888801,35.509119
Lam Research Corp,2014,3559,18.181820000000002,2,11,8,72.72727,9.07942,8.98636,34.781878999999996
Lam Research Corp,2015,3559,18.181820000000002,2,11,8,72.72727,9.44044,9.144697,42.924155000000006
Lam Research Corp,2016,3559,22.22222,2,9,6,66.66667,9.1943,9.415037,50.274578999999996
Lam Research Corp,2017,3559,20.0,2,10,7,70.0,15.959660000000001,9.402841,42.36206
Lam Research Corp,2018,3559,22.22222,2,9,6,66.66667,25.78827,9.431841,47.273091
Micron Technology Inc,2009,3674,14.285709999999998,1,7,5,71.42857000000001,-12.570929999999999,9.346182,42.034046000000004
Micron Technology Inc,2010,3674,14.285709999999998,1,7,4,57.14286,11.20261,9.595126,33.192676999999996
Micron Technology Inc,2011,3674,12.5,1,8,5,62.5,2.54203,9.599133,33.215835
Micron Technology Inc,2012,3674,16.66667,1,6,3,50.0,-3.57342,9.569971,41.254886
Micron Technology Inc,2013,3674,12.5,1,8,6,75.0,1.90396,9.858386,47.661889
Micron Technology Inc,2014,3674,12.5,1,8,6,75.0,14.93022,10.02118,48.306516
Micron Technology Inc,2015,3674,12.5,1,8,6,75.0,12.24371,10.09175,44.961272
Micron Technology Inc,2016,3674,14.285709999999998,1,7,5,71.42857000000001,0.84241,10.22339,53.057370999999996
Micron Technology Inc,2017,3674,14.285709999999998,1,7,5,71.42857000000001,16.94872,10.47266,44.840955
Micron Technology Inc,2018,3674,14.285709999999998,1,7,5,71.42857000000001,34.43609,10.67766,23.312431
Microsoft Corp,2009,7372,20.0,2,10,7,70.0,26.567629999999998,11.26303,49.211689
Microsoft Corp,2010,7372,22.22222,2,9,6,66.66667,28.052680000000002,11.36342,46.378596
Microsoft Corp,2011,7372,22.22222,2,9,6,66.66667,24.9862,11.59638,47.487673
Microsoft Corp,2012,7372,18.181820000000002,2,11,8,72.72727,23.052500000000002,11.668,45.277107
Microsoft Corp,2013,7372,22.22222,2,9,6,66.66667,19.30549,11.668,44.573864
Microsoft Corp,2014,7372,20.0,2,10,6,60.0,15.955079999999999,11.668,47.91628
Microsoft Corp,2015,7372,20.0,2,10,7,70.0,15.986559999999999,11.668,54.555875
Microsoft Corp,2016,7372,27.27273,3,11,8,72.72727,10.9926,11.668,62.829515
Microsoft Corp,2017,7372,25.0,3,12,9,75.0,9.38752,11.668,69.971711
Microsoft Corp,2018,7372,28.57143,4,14,11,78.57142999999999,13.543859999999999,11.668,68.043794
Netapp Inc,2009,3572,0.0,0,10,7,70.0,6.94444,8.778695,61.035661
Netapp Inc,2010,3572,0.0,0,11,8,72.72727,9.78726,9.04768,54.760672
Netapp Inc,2011,3572,0.0,0,10,7,70.0,8.018,9.162441,54.300641000000006
Netapp Inc,2012,3572,0.0,0,10,7,70.0,5.4214400000000005,9.327448,58.038319
Netapp Inc,2013,3572,0.0,0,10,7,70.0,8.92268,9.129044,58.928107
Netapp Inc,2014,3572,8.33333,1,12,9,75.0,7.62137,9.148593,63.684423
Netapp Inc,2015,3572,10.0,1,10,8,80.0,4.22437,9.214033,71.296204
Netapp Inc,2016,3572,11.11111,1,9,7,77.77777999999999,7.44759,9.15831,70.715264
Netapp Inc,2017,3572,10.0,1,10,8,80.0,9.2448,9.196749,79.047136
Netapp Inc,2018,3572,22.22222,2,9,7,77.77777999999999,13.533919999999998,9.07578,87.530031
Nvidia Corp,2009,3674,0.0,0,8,6,75.0,3.77156,8.18477,25.677609
Nvidia Corp,2010,3674,0.0,0,8,6,75.0,8.73467,8.410776,29.226076
Nvidia Corp,2011,3674,0.0,0,8,6,75.0,12.17161,8.622081,25.341658
Nvidia Corp,2012,3674,0.0,0,9,7,77.77777999999999,10.71965,8.765965,24.711189
Nvidia Corp,2013,3674,0.0,0,9,7,77.77777999999999,7.3609800000000005,8.88888,38.540020000000005
Nvidia Corp,2014,3674,10.0,1,10,8,80.0,10.53951,8.882027,38.650795
Nvidia Corp,2015,3674,10.0,1,10,8,80.0,12.18453,8.905173,39.36228
Nvidia Corp,2016,3674,16.66667,2,12,10,83.33333,19.84554,9.194313,41.44904
Nvidia Corp,2017,3674,16.66667,2,12,10,83.33333,28.556179999999998,9.327323,33.537941
Nvidia Corp,2018,3674,18.181820000000002,2,11,10,90.90909,28.949740000000002,9.494918,29.717123
Oracle Corp,2009,7372,16.66667,2,12,8,66.66667,15.976489999999998,11.02806,49.334178
Oracle Corp,2010,7372,16.66667,2,12,8,66.66667,17.14558,11.20552,45.270959
Oracle Corp,2011,7372,16.66667,2,12,8,66.66667,17.94656,11.26865,43.714173
Oracle Corp,2012,7372,16.66667,2,12,8,66.66667,17.53166,11.31218,44.818608999999995
Oracle Corp,2013,7372,18.181820000000002,2,11,7,63.63636,16.5213,11.41138,47.481847
Oracle Corp,2014,7372,18.181820000000002,2,11,7,63.63636,12.812100000000001,11.61641,55.728880000000004
Oracle Corp,2015,7372,16.66667,2,12,7,58.333330000000004,11.62952,11.62786,57.398823
Oracle Corp,2016,7372,23.07692,3,13,8,61.53845999999999,9.75398,11.668,59.815099000000004
Oracle Corp,2017,7372,25.0,3,12,7,58.333330000000004,10.39384,11.668,66.324746
Oracle Corp,2018,7372,21.42857,3,14,8,57.14286,12.838859999999999,11.59643,79.428566
Qualcomm Inc,2009,3663,16.66667,2,12,9,75.0,11.823649999999999,10.21994,25.975588
Qualcomm Inc,2010,3663,16.66667,2,12,9,75.0,10.7484,10.32784,31.774172
Qualcomm Inc,2011,3674,15.384619999999998,2,13,10,76.92308,13.403989999999999,10.50293,25.945857
Qualcomm Inc,2012,3674,21.42857,3,14,11,78.57142999999999,13.263739999999999,10.66923,22.010137
Qualcomm Inc,2013,3674,23.07692,3,13,10,76.92308,16.61174,10.72582,20.715792
Qualcomm Inc,2014,3674,20.0,3,15,12,80.0,16.53971,10.79084,19.368386
Qualcomm Inc,2015,3674,20.0,3,15,12,80.0,14.197969999999998,10.83557,38.156548
Qualcomm Inc,2016,3674,9.090910000000001,1,11,8,72.72727,11.97311,10.86588,39.326572
Qualcomm Inc,2017,3674,18.181820000000002,2,11,8,72.72727,8.13304,11.08959,53.049507
Qualcomm Inc,2018,3674,16.66667,2,12,10,83.33333,12.41816,10.3947,91.748657
Texas Instruments Inc,2009,3674,36.363640000000004,4,11,10,90.90909,18.178069999999998,9.40253,19.77886
Texas Instruments Inc,2010,3674,36.363640000000004,4,11,10,90.90909,32.87814,9.503084,22.117752
Texas Instruments Inc,2011,3674,40.0,4,10,8,80.0,16.987849999999998,9.928034,46.567789999999995
Texas Instruments Inc,2012,3674,44.44444,4,9,7,77.77777999999999,11.16328,9.904537,45.252485
Texas Instruments Inc,2013,3674,36.363640000000004,4,11,9,81.81818,14.05111,9.848926,42.93484
Texas Instruments Inc,2014,3674,36.363640000000004,4,11,9,81.81818,22.034760000000002,9.782562,41.372305999999995
Texas Instruments Inc,2015,3674,41.66667,4,12,10,83.33333,25.9581,9.694616,38.718423
Texas Instruments Inc,2016,3674,41.66667,4,12,10,83.33333,29.11569,9.706925,36.260726999999996
Texas Instruments Inc,2017,3674,30.769229999999997,4,13,10,76.92308,34.54257,9.778038,41.40687
Texas Instruments Inc,2018,3674,33.33333,4,12,10,83.33333,35.165,9.748995,47.517068
